feature,parity,scale_class,conjugate,measured_on
candle.candle_features@body_frac,odd,scale-free,,"FXPIG-Server M5, 6 symbols (BTCUSDT.r, EURUSD.r, GBPUSD.r, US500.r, USDJPY.r, XAUUSD.r), 20000 bars/symbol, 2026-09-04; generic binder params (period=20) except metastore-tuned entries"
candle.candle_features@frac_high,one-sided,scale-carrying,candle.candle_features@frac_low,"FXPIG-Server M5, 6 symbols (BTCUSDT.r, EURUSD.r, GBPUSD.r, US500.r, USDJPY.r, XAUUSD.r), 20000 bars/symbol, 2026-09-04; generic binder params (period=20) except metastore-tuned entries"
candle.candle_features@frac_low,one-sided,scale-carrying,candle.candle_features@frac_high,"FXPIG-Server M5, 6 symbols (BTCUSDT.r, EURUSD.r, GBPUSD.r, US500.r, USDJPY.r, XAUUSD.r), 20000 bars/symbol, 2026-09-04; generic binder params (period=20) except metastore-tuned entries"
candle.candle_features@lower_tail,one-sided,scale-free,candle.candle_features@upper_tail,"FXPIG-Server M5, 6 symbols (BTCUSDT.r, EURUSD.r, GBPUSD.r, US500.r, USDJPY.r, XAUUSD.r), 20000 bars/symbol, 2026-09-04; generic binder params (period=20) except metastore-tuned entries"
candle.candle_features@range,even,scale-carrying,,"FXPIG-Server M5, 6 symbols (BTCUSDT.r, EURUSD.r, GBPUSD.r, US500.r, USDJPY.r, XAUUSD.r), 20000 bars/symbol, 2026-09-04; generic binder params (period=20) except metastore-tuned entries"
candle.candle_features@upper_tail,one-sided,scale-free,candle.candle_features@lower_tail,"FXPIG-Server M5, 6 symbols (BTCUSDT.r, EURUSD.r, GBPUSD.r, US500.r, USDJPY.r, XAUUSD.r), 20000 bars/symbol, 2026-09-04; generic binder params (period=20) except metastore-tuned entries"
directional_change.dc_live_features@direction,odd,scale-free,,"FXPIG-Server M5, 6 symbols (BTCUSDT.r, EURUSD.r, GBPUSD.r, US500.r, USDJPY.r, XAUUSD.r), 20000 bars/symbol, 2026-09-04; generic binder params (period=20) except metastore-tuned entries"
directional_change.dc_live_features@downward_dcc,one-sided,unscored,directional_change.dc_live_features@upward_dcc,"FXPIG-Server M5, 6 symbols (BTCUSDT.r, EURUSD.r, GBPUSD.r, US500.r, USDJPY.r, XAUUSD.r), 20000 bars/symbol, 2026-09-04; generic binder params (period=20) except metastore-tuned entries"
directional_change.dc_live_features@rdc_current,even,scale-carrying,,"FXPIG-Server M5, 6 symbols (BTCUSDT.r, EURUSD.r, GBPUSD.r, US500.r, USDJPY.r, XAUUSD.r), 20000 bars/symbol, 2026-09-04; generic binder params (period=20) except metastore-tuned entries"
directional_change.dc_live_features@t_current,even,scale-free,,"FXPIG-Server M5, 6 symbols (BTCUSDT.r, EURUSD.r, GBPUSD.r, US500.r, USDJPY.r, XAUUSD.r), 20000 bars/symbol, 2026-09-04; generic binder params (period=20) except metastore-tuned entries"
directional_change.dc_live_features@tmv_current,even,partial,,"FXPIG-Server M5, 6 symbols (BTCUSDT.r, EURUSD.r, GBPUSD.r, US500.r, USDJPY.r, XAUUSD.r), 20000 bars/symbol, 2026-09-04; generic binder params (period=20) except metastore-tuned entries"
directional_change.dc_live_features@upward_dcc,one-sided,unscored,directional_change.dc_live_features@downward_dcc,"FXPIG-Server M5, 6 symbols (BTCUSDT.r, EURUSD.r, GBPUSD.r, US500.r, USDJPY.r, XAUUSD.r), 20000 bars/symbol, 2026-09-04; generic binder params (period=20) except metastore-tuned entries"
directional_change.idc_parse@direction,odd,scale-free,,"FXPIG-Server M5, 6 symbols (BTCUSDT.r, EURUSD.r, GBPUSD.r, US500.r, USDJPY.r, XAUUSD.r), 20000 bars/symbol, 2026-09-04; generic binder params (period=20) except metastore-tuned entries"
directional_change.idc_parse@downturn_dc,one-sided,unscored,directional_change.idc_parse@upturn_dc,"FXPIG-Server M5, 6 symbols (BTCUSDT.r, EURUSD.r, GBPUSD.r, US500.r, USDJPY.r, XAUUSD.r), 20000 bars/symbol, 2026-09-04; generic binder params (period=20) except metastore-tuned entries"
directional_change.idc_parse@new_high,one-sided,unscored,directional_change.idc_parse@new_low,"FXPIG-Server M5, 6 symbols (BTCUSDT.r, EURUSD.r, GBPUSD.r, US500.r, USDJPY.r, XAUUSD.r), 20000 bars/symbol, 2026-09-04; generic binder params (period=20) except metastore-tuned entries"
directional_change.idc_parse@new_low,one-sided,unscored,directional_change.idc_parse@new_high,"FXPIG-Server M5, 6 symbols (BTCUSDT.r, EURUSD.r, GBPUSD.r, US500.r, USDJPY.r, XAUUSD.r), 20000 bars/symbol, 2026-09-04; generic binder params (period=20) except metastore-tuned entries"
directional_change.idc_parse@ph,odd,scale-carrying,,"FXPIG-Server M5, 6 symbols (BTCUSDT.r, EURUSD.r, GBPUSD.r, US500.r, USDJPY.r, XAUUSD.r), 20000 bars/symbol, 2026-09-04; generic binder params (period=20) except metastore-tuned entries"
directional_change.idc_parse@pl,odd,scale-carrying,,"FXPIG-Server M5, 6 symbols (BTCUSDT.r, EURUSD.r, GBPUSD.r, US500.r, USDJPY.r, XAUUSD.r), 20000 bars/symbol, 2026-09-04; generic binder params (period=20) except metastore-tuned entries"
directional_change.idc_parse@rdc,even,scale-carrying,,"FXPIG-Server M5, 6 symbols (BTCUSDT.r, EURUSD.r, GBPUSD.r, US500.r, USDJPY.r, XAUUSD.r), 20000 bars/symbol, 2026-09-04; generic binder params (period=20) except metastore-tuned entries"
directional_change.idc_parse@t_dc0,even,scale-free,,"FXPIG-Server M5, 6 symbols (BTCUSDT.r, EURUSD.r, GBPUSD.r, US500.r, USDJPY.r, XAUUSD.r), 20000 bars/symbol, 2026-09-04; generic binder params (period=20) except metastore-tuned entries"
directional_change.idc_parse@upturn_dc,one-sided,unscored,directional_change.dc_live_features@downward_dcc,"FXPIG-Server M5, 6 symbols (BTCUSDT.r, EURUSD.r, GBPUSD.r, US500.r, USDJPY.r, XAUUSD.r), 20000 bars/symbol, 2026-09-04; generic binder params (period=20) except metastore-tuned entries"
microstructure.liquidity.liquidity_resilience@half_life,mixed,scale-free,,"FXPIG-Server M5, 6 symbols (BTCUSDT.r, EURUSD.r, GBPUSD.r, US500.r, USDJPY.r, XAUUSD.r), 20000 bars/symbol, 2026-09-04; generic binder params (period=20) except metastore-tuned entries"
microstructure.liquidity.liquidity_resilience@phi,odd,scale-free,,"FXPIG-Server M5, 6 symbols (BTCUSDT.r, EURUSD.r, GBPUSD.r, US500.r, USDJPY.r, XAUUSD.r), 20000 bars/symbol, 2026-09-04; generic binder params (period=20) except metastore-tuned entries"
microstructure.price_structure.close_open_gap_analysis@gap,odd,scale-carrying,,"FXPIG-Server M5, 6 symbols (BTCUSDT.r, EURUSD.r, GBPUSD.r, US500.r, USDJPY.r, XAUUSD.r), 20000 bars/symbol, 2026-09-04; generic binder params (period=20) except metastore-tuned entries"
microstructure.price_structure.close_open_gap_analysis@gap_fill_ratio,even,scale-free,,"FXPIG-Server M5, 6 symbols (BTCUSDT.r, EURUSD.r, GBPUSD.r, US500.r, USDJPY.r, XAUUSD.r), 20000 bars/symbol, 2026-09-04; generic binder params (period=20) except metastore-tuned entries"
momentum.core_momentum_features@adx,even,scale-free,,"FXPIG-Server M5, 6 symbols (BTCUSDT.r, EURUSD.r, GBPUSD.r, US500.r, USDJPY.r, XAUUSD.r), 20000 bars/symbol, 2026-09-04; generic binder params (period=20) except metastore-tuned entries"
momentum.core_momentum_features@aggregate_m,odd,scale-free,,"FXPIG-Server M5, 6 symbols (BTCUSDT.r, EURUSD.r, GBPUSD.r, US500.r, USDJPY.r, XAUUSD.r), 20000 bars/symbol, 2026-09-04; generic binder params (period=20) except metastore-tuned entries"
momentum.core_momentum_features@cci_24,odd,scale-free,,"FXPIG-Server M5, 6 symbols (BTCUSDT.r, EURUSD.r, GBPUSD.r, US500.r, USDJPY.r, XAUUSD.r), 20000 bars/symbol, 2026-09-04; generic binder params (period=20) except metastore-tuned entries"
momentum.core_momentum_features@dei,odd,scale-free,,"FXPIG-Server M5, 6 symbols (BTCUSDT.r, EURUSD.r, GBPUSD.r, US500.r, USDJPY.r, XAUUSD.r), 20000 bars/symbol, 2026-09-04; generic binder params (period=20) except metastore-tuned entries"
momentum.core_momentum_features@dei_diff,odd,scale-free,,"FXPIG-Server M5, 6 symbols (BTCUSDT.r, EURUSD.r, GBPUSD.r, US500.r, USDJPY.r, XAUUSD.r), 20000 bars/symbol, 2026-09-04; generic binder params (period=20) except metastore-tuned entries"
momentum.core_momentum_features@dei_signal,odd,scale-free,,"FXPIG-Server M5, 6 symbols (BTCUSDT.r, EURUSD.r, GBPUSD.r, US500.r, USDJPY.r, XAUUSD.r), 20000 bars/symbol, 2026-09-04; generic binder params (period=20) except metastore-tuned entries"
momentum.core_momentum_features@detrended_price,odd,scale-carrying,,"FXPIG-Server M5, 6 symbols (BTCUSDT.r, EURUSD.r, GBPUSD.r, US500.r, USDJPY.r, XAUUSD.r), 20000 bars/symbol, 2026-09-04; generic binder params (period=20) except metastore-tuned entries"
momentum.core_momentum_features@dti,odd,scale-free,,"FXPIG-Server M5, 6 symbols (BTCUSDT.r, EURUSD.r, GBPUSD.r, US500.r, USDJPY.r, XAUUSD.r), 20000 bars/symbol, 2026-09-04; generic binder params (period=20) except metastore-tuned entries"
momentum.core_momentum_features@ema_residual,odd,scale-carrying,,"FXPIG-Server M5, 6 symbols (BTCUSDT.r, EURUSD.r, GBPUSD.r, US500.r, USDJPY.r, XAUUSD.r), 20000 bars/symbol, 2026-09-04; generic binder params (period=20) except metastore-tuned entries"
momentum.core_momentum_features@exponential_velocity,odd,scale-carrying,,"FXPIG-Server M5, 6 symbols (BTCUSDT.r, EURUSD.r, GBPUSD.r, US500.r, USDJPY.r, XAUUSD.r), 20000 bars/symbol, 2026-09-04; generic binder params (period=20) except metastore-tuned entries"
momentum.core_momentum_features@high_proximity,odd,scale-free,,"FXPIG-Server M5, 6 symbols (BTCUSDT.r, EURUSD.r, GBPUSD.r, US500.r, USDJPY.r, XAUUSD.r), 20000 bars/symbol, 2026-09-04; generic binder params (period=20) except metastore-tuned entries"
momentum.core_momentum_features@jerk,odd,scale-carrying,,"FXPIG-Server M5, 6 symbols (BTCUSDT.r, EURUSD.r, GBPUSD.r, US500.r, USDJPY.r, XAUUSD.r), 20000 bars/symbol, 2026-09-04; generic binder params (period=20) except metastore-tuned entries"
momentum.core_momentum_features@lagged_delta_returns,odd,scale-carrying,,"FXPIG-Server M5, 6 symbols (BTCUSDT.r, EURUSD.r, GBPUSD.r, US500.r, USDJPY.r, XAUUSD.r), 20000 bars/symbol, 2026-09-04; generic binder params (period=20) except metastore-tuned entries"
momentum.core_momentum_features@lagged_return,odd,scale-carrying,,"FXPIG-Server M5, 6 symbols (BTCUSDT.r, EURUSD.r, GBPUSD.r, US500.r, USDJPY.r, XAUUSD.r), 20000 bars/symbol, 2026-09-04; generic binder params (period=20) except metastore-tuned entries"
momentum.core_momentum_features@log_returns,odd,scale-carrying,,"FXPIG-Server M5, 6 symbols (BTCUSDT.r, EURUSD.r, GBPUSD.r, US500.r, USDJPY.r, XAUUSD.r), 20000 bars/symbol, 2026-09-04; generic binder params (period=20) except metastore-tuned entries"
momentum.core_momentum_features@macd_hist,odd,scale-carrying,,"FXPIG-Server M5, 6 symbols (BTCUSDT.r, EURUSD.r, GBPUSD.r, US500.r, USDJPY.r, XAUUSD.r), 20000 bars/symbol, 2026-09-04; generic binder params (period=20) except metastore-tuned entries"
momentum.core_momentum_features@macd_line,odd,scale-carrying,,"FXPIG-Server M5, 6 symbols (BTCUSDT.r, EURUSD.r, GBPUSD.r, US500.r, USDJPY.r, XAUUSD.r), 20000 bars/symbol, 2026-09-04; generic binder params (period=20) except metastore-tuned entries"
momentum.core_momentum_features@macd_signal,odd,scale-carrying,,"FXPIG-Server M5, 6 symbols (BTCUSDT.r, EURUSD.r, GBPUSD.r, US500.r, USDJPY.r, XAUUSD.r), 20000 bars/symbol, 2026-09-04; generic binder params (period=20) except metastore-tuned entries"
momentum.core_momentum_features@mean_adjusted_ratio,odd,scale-carrying,,"FXPIG-Server M5, 6 symbols (BTCUSDT.r, EURUSD.r, GBPUSD.r, US500.r, USDJPY.r, XAUUSD.r), 20000 bars/symbol, 2026-09-04; generic binder params (period=20) except metastore-tuned entries"
momentum.core_momentum_features@minus_di,one-sided,scale-free,momentum.core_momentum_features@plus_di,"FXPIG-Server M5, 6 symbols (BTCUSDT.r, EURUSD.r, GBPUSD.r, US500.r, USDJPY.r, XAUUSD.r), 20000 bars/symbol, 2026-09-04; generic binder params (period=20) except metastore-tuned entries"
momentum.core_momentum_features@momentum,odd,scale-carrying,,"FXPIG-Server M5, 6 symbols (BTCUSDT.r, EURUSD.r, GBPUSD.r, US500.r, USDJPY.r, XAUUSD.r), 20000 bars/symbol, 2026-09-04; generic binder params (period=20) except metastore-tuned entries"
momentum.core_momentum_features@momentum_acceleration,odd,scale-carrying,,"FXPIG-Server M5, 6 symbols (BTCUSDT.r, EURUSD.r, GBPUSD.r, US500.r, USDJPY.r, XAUUSD.r), 20000 bars/symbol, 2026-09-04; generic binder params (period=20) except metastore-tuned entries"
momentum.core_momentum_features@momentum_volatility_ratio,odd,scale-free,,"FXPIG-Server M5, 6 symbols (BTCUSDT.r, EURUSD.r, GBPUSD.r, US500.r, USDJPY.r, XAUUSD.r), 20000 bars/symbol, 2026-09-04; generic binder params (period=20) except metastore-tuned entries"
momentum.core_momentum_features@plus_di,one-sided,scale-free,momentum.core_momentum_features@minus_di,"FXPIG-Server M5, 6 symbols (BTCUSDT.r, EURUSD.r, GBPUSD.r, US500.r, USDJPY.r, XAUUSD.r), 20000 bars/symbol, 2026-09-04; generic binder params (period=20) except metastore-tuned entries"
momentum.core_momentum_features@pr_skip,odd,scale-carrying,,"FXPIG-Server M5, 6 symbols (BTCUSDT.r, EURUSD.r, GBPUSD.r, US500.r, USDJPY.r, XAUUSD.r), 20000 bars/symbol, 2026-09-04; generic binder params (period=20) except metastore-tuned entries"
momentum.core_momentum_features@roc,odd,scale-carrying,,"FXPIG-Server M5, 6 symbols (BTCUSDT.r, EURUSD.r, GBPUSD.r, US500.r, USDJPY.r, XAUUSD.r), 20000 bars/symbol, 2026-09-04; generic binder params (period=20) except metastore-tuned entries"
momentum.core_momentum_features@roc_divergence,odd,scale-carrying,,"FXPIG-Server M5, 6 symbols (BTCUSDT.r, EURUSD.r, GBPUSD.r, US500.r, USDJPY.r, XAUUSD.r), 20000 bars/symbol, 2026-09-04; generic binder params (period=20) except metastore-tuned entries"
momentum.core_momentum_features@roc_raw,odd,scale-carrying,,"FXPIG-Server M5, 6 symbols (BTCUSDT.r, EURUSD.r, GBPUSD.r, US500.r, USDJPY.r, XAUUSD.r), 20000 bars/symbol, 2026-09-04; generic binder params (period=20) except metastore-tuned entries"
momentum.core_momentum_features@roc_signal,odd,scale-carrying,,"FXPIG-Server M5, 6 symbols (BTCUSDT.r, EURUSD.r, GBPUSD.r, US500.r, USDJPY.r, XAUUSD.r), 20000 bars/symbol, 2026-09-04; generic binder params (period=20) except metastore-tuned entries"
momentum.core_momentum_features@roc_velocity,odd,scale-carrying,,"FXPIG-Server M5, 6 symbols (BTCUSDT.r, EURUSD.r, GBPUSD.r, US500.r, USDJPY.r, XAUUSD.r), 20000 bars/symbol, 2026-09-04; generic binder params (period=20) except metastore-tuned entries"
momentum.core_momentum_features@rolling_high_proximity,odd,scale-free,,"FXPIG-Server M5, 6 symbols (BTCUSDT.r, EURUSD.r, GBPUSD.r, US500.r, USDJPY.r, XAUUSD.r), 20000 bars/symbol, 2026-09-04; generic binder params (period=20) except metastore-tuned entries"
momentum.core_momentum_features@rolling_sharpe,odd,scale-free,,"FXPIG-Server M5, 6 symbols (BTCUSDT.r, EURUSD.r, GBPUSD.r, US500.r, USDJPY.r, XAUUSD.r), 20000 bars/symbol, 2026-09-04; generic binder params (period=20) except metastore-tuned entries"
momentum.core_momentum_features@rolling_slope,odd,scale-carrying,,"FXPIG-Server M5, 6 symbols (BTCUSDT.r, EURUSD.r, GBPUSD.r, US500.r, USDJPY.r, XAUUSD.r), 20000 bars/symbol, 2026-09-04; generic binder params (period=20) except metastore-tuned entries"
momentum.core_momentum_features@rsi,odd,scale-free,,"FXPIG-Server M5, 6 symbols (BTCUSDT.r, EURUSD.r, GBPUSD.r, US500.r, USDJPY.r, XAUUSD.r), 20000 bars/symbol, 2026-09-04; generic binder params (period=20) except metastore-tuned entries"
momentum.core_momentum_features@session_high_low_pct,odd,scale-free,,"FXPIG-Server M5, 6 symbols (BTCUSDT.r, EURUSD.r, GBPUSD.r, US500.r, USDJPY.r, XAUUSD.r), 20000 bars/symbol, 2026-09-04; generic binder params (period=20) except metastore-tuned entries"
momentum.core_momentum_features@smi,odd,scale-free,,"FXPIG-Server M5, 6 symbols (BTCUSDT.r, EURUSD.r, GBPUSD.r, US500.r, USDJPY.r, XAUUSD.r), 20000 bars/symbol, 2026-09-04; generic binder params (period=20) except metastore-tuned entries"
momentum.core_momentum_features@smi_diff,odd,scale-free,,"FXPIG-Server M5, 6 symbols (BTCUSDT.r, EURUSD.r, GBPUSD.r, US500.r, USDJPY.r, XAUUSD.r), 20000 bars/symbol, 2026-09-04; generic binder params (period=20) except metastore-tuned entries"
momentum.core_momentum_features@smi_signal,odd,scale-free,,"FXPIG-Server M5, 6 symbols (BTCUSDT.r, EURUSD.r, GBPUSD.r, US500.r, USDJPY.r, XAUUSD.r), 20000 bars/symbol, 2026-09-04; generic binder params (period=20) except metastore-tuned entries"
momentum.core_momentum_features@stochastic_k,odd,scale-free,,"FXPIG-Server M5, 6 symbols (BTCUSDT.r, EURUSD.r, GBPUSD.r, US500.r, USDJPY.r, XAUUSD.r), 20000 bars/symbol, 2026-09-04; generic binder params (period=20) except metastore-tuned entries"
momentum.core_momentum_features@stochastic_signal,odd,scale-free,,"FXPIG-Server M5, 6 symbols (BTCUSDT.r, EURUSD.r, GBPUSD.r, US500.r, USDJPY.r, XAUUSD.r), 20000 bars/symbol, 2026-09-04; generic binder params (period=20) except metastore-tuned entries"
momentum.core_momentum_features@sustained_velocity,odd,scale-carrying,,"FXPIG-Server M5, 6 symbols (BTCUSDT.r, EURUSD.r, GBPUSD.r, US500.r, USDJPY.r, XAUUSD.r), 20000 bars/symbol, 2026-09-04; generic binder params (period=20) except metastore-tuned entries"
momentum.core_momentum_features@trend_quality,odd,scale-free,,"FXPIG-Server M5, 6 symbols (BTCUSDT.r, EURUSD.r, GBPUSD.r, US500.r, USDJPY.r, XAUUSD.r), 20000 bars/symbol, 2026-09-04; generic binder params (period=20) except metastore-tuned entries"
momentum.core_momentum_features@tsi,odd,scale-free,,"FXPIG-Server M5, 6 symbols (BTCUSDT.r, EURUSD.r, GBPUSD.r, US500.r, USDJPY.r, XAUUSD.r), 20000 bars/symbol, 2026-09-04; generic binder params (period=20) except metastore-tuned entries"
momentum.core_momentum_features@tsi_bearish_div,one-sided,unscored,momentum.core_momentum_features@tsi_bullish_div,"FXPIG-Server M5, 6 symbols (BTCUSDT.r, EURUSD.r, GBPUSD.r, US500.r, USDJPY.r, XAUUSD.r), 20000 bars/symbol, 2026-09-04; generic binder params (period=20) except metastore-tuned entries"
momentum.core_momentum_features@tsi_bullish_div,one-sided,unscored,momentum.core_momentum_features@tsi_bearish_div,"FXPIG-Server M5, 6 symbols (BTCUSDT.r, EURUSD.r, GBPUSD.r, US500.r, USDJPY.r, XAUUSD.r), 20000 bars/symbol, 2026-09-04; generic binder params (period=20) except metastore-tuned entries"
momentum.core_momentum_features@tsi_diff,odd,scale-free,,"FXPIG-Server M5, 6 symbols (BTCUSDT.r, EURUSD.r, GBPUSD.r, US500.r, USDJPY.r, XAUUSD.r), 20000 bars/symbol, 2026-09-04; generic binder params (period=20) except metastore-tuned entries"
momentum.core_momentum_features@tsi_signal,odd,scale-free,,"FXPIG-Server M5, 6 symbols (BTCUSDT.r, EURUSD.r, GBPUSD.r, US500.r, USDJPY.r, XAUUSD.r), 20000 bars/symbol, 2026-09-04; generic binder params (period=20) except metastore-tuned entries"
momentum.core_momentum_features@tsi_slope,odd,scale-free,,"FXPIG-Server M5, 6 symbols (BTCUSDT.r, EURUSD.r, GBPUSD.r, US500.r, USDJPY.r, XAUUSD.r), 20000 bars/symbol, 2026-09-04; generic binder params (period=20) except metastore-tuned entries"
momentum.core_momentum_features@vol_adj_mom_osc,odd,scale-free,,"FXPIG-Server M5, 6 symbols (BTCUSDT.r, EURUSD.r, GBPUSD.r, US500.r, USDJPY.r, XAUUSD.r), 20000 bars/symbol, 2026-09-04; generic binder params (period=20) except metastore-tuned entries"
momentum.core_momentum_features@williams_r,odd,scale-free,,"FXPIG-Server M5, 6 symbols (BTCUSDT.r, EURUSD.r, GBPUSD.r, US500.r, USDJPY.r, XAUUSD.r), 20000 bars/symbol, 2026-09-04; generic binder params (period=20) except metastore-tuned entries"
momentum.slope_divergence_tsi@0,odd,scale-free,,"FXPIG-Server M5, 6 symbols (BTCUSDT.r, EURUSD.r, GBPUSD.r, US500.r, USDJPY.r, XAUUSD.r), 20000 bars/symbol, 2026-09-04; generic binder params (period=20) except metastore-tuned entries"
momentum.slope_divergence_tsi@1,odd,scale-free,,"FXPIG-Server M5, 6 symbols (BTCUSDT.r, EURUSD.r, GBPUSD.r, US500.r, USDJPY.r, XAUUSD.r), 20000 bars/symbol, 2026-09-04; generic binder params (period=20) except metastore-tuned entries"
momentum.slope_divergence_tsi@2,odd,scale-free,,"FXPIG-Server M5, 6 symbols (BTCUSDT.r, EURUSD.r, GBPUSD.r, US500.r, USDJPY.r, XAUUSD.r), 20000 bars/symbol, 2026-09-04; generic binder params (period=20) except metastore-tuned entries"
momentum.slope_divergence_tsi@3,odd,scale-free,,"FXPIG-Server M5, 6 symbols (BTCUSDT.r, EURUSD.r, GBPUSD.r, US500.r, USDJPY.r, XAUUSD.r), 20000 bars/symbol, 2026-09-04; generic binder params (period=20) except metastore-tuned entries"
momentum.slope_divergence_tsi@4,one-sided,unscored,momentum.core_momentum_features@tsi_bearish_div,"FXPIG-Server M5, 6 symbols (BTCUSDT.r, EURUSD.r, GBPUSD.r, US500.r, USDJPY.r, XAUUSD.r), 20000 bars/symbol, 2026-09-04; generic binder params (period=20) except metastore-tuned entries"
momentum.slope_divergence_tsi@5,one-sided,unscored,momentum.core_momentum_features@tsi_bullish_div,"FXPIG-Server M5, 6 symbols (BTCUSDT.r, EURUSD.r, GBPUSD.r, US500.r, USDJPY.r, XAUUSD.r), 20000 bars/symbol, 2026-09-04; generic binder params (period=20) except metastore-tuned entries"
trend.bollinger_band@0,odd,scale-carrying,,"FXPIG-Server M5, 6 symbols (BTCUSDT.r, EURUSD.r, GBPUSD.r, US500.r, USDJPY.r, XAUUSD.r), 20000 bars/symbol, 2026-09-04; generic binder params (period=20) except metastore-tuned entries"
trend.bollinger_band@1,odd,scale-carrying,,"FXPIG-Server M5, 6 symbols (BTCUSDT.r, EURUSD.r, GBPUSD.r, US500.r, USDJPY.r, XAUUSD.r), 20000 bars/symbol, 2026-09-04; generic binder params (period=20) except metastore-tuned entries"
trend.bollinger_band@2,odd,scale-carrying,,"FXPIG-Server M5, 6 symbols (BTCUSDT.r, EURUSD.r, GBPUSD.r, US500.r, USDJPY.r, XAUUSD.r), 20000 bars/symbol, 2026-09-04; generic binder params (period=20) except metastore-tuned entries"
trend.bollinger_band@3,odd,scale-free,,"FXPIG-Server M5, 6 symbols (BTCUSDT.r, EURUSD.r, GBPUSD.r, US500.r, USDJPY.r, XAUUSD.r), 20000 bars/symbol, 2026-09-04; generic binder params (period=20) except metastore-tuned entries"
trend.bollinger_band@4,even,scale-carrying,,"FXPIG-Server M5, 6 symbols (BTCUSDT.r, EURUSD.r, GBPUSD.r, US500.r, USDJPY.r, XAUUSD.r), 20000 bars/symbol, 2026-09-04; generic binder params (period=20) except metastore-tuned entries"
trend.channels.envelope@0,odd,scale-carrying,,"FXPIG-Server M5, 6 symbols (BTCUSDT.r, EURUSD.r, GBPUSD.r, US500.r, USDJPY.r, XAUUSD.r), 20000 bars/symbol, 2026-09-04; generic binder params (period=20) except metastore-tuned entries"
trend.channels.envelope@1,odd,scale-carrying,,"FXPIG-Server M5, 6 symbols (BTCUSDT.r, EURUSD.r, GBPUSD.r, US500.r, USDJPY.r, XAUUSD.r), 20000 bars/symbol, 2026-09-04; generic binder params (period=20) except metastore-tuned entries"
trend.channels.envelope@2,odd,scale-carrying,,"FXPIG-Server M5, 6 symbols (BTCUSDT.r, EURUSD.r, GBPUSD.r, US500.r, USDJPY.r, XAUUSD.r), 20000 bars/symbol, 2026-09-04; generic binder params (period=20) except metastore-tuned entries"
trend.channels.envelope@3,odd,scale-free,,"FXPIG-Server M5, 6 symbols (BTCUSDT.r, EURUSD.r, GBPUSD.r, US500.r, USDJPY.r, XAUUSD.r), 20000 bars/symbol, 2026-09-04; generic binder params (period=20) except metastore-tuned entries"
trend.channels.envelope@4,even,scale-carrying,,"FXPIG-Server M5, 6 symbols (BTCUSDT.r, EURUSD.r, GBPUSD.r, US500.r, USDJPY.r, XAUUSD.r), 20000 bars/symbol, 2026-09-04; generic binder params (period=20) except metastore-tuned entries"
trend.continuous_trend.ctl_trend_features@ctl_direction,odd,scale-free,,"FXPIG-Server M5, 6 symbols (BTCUSDT.r, EURUSD.r, GBPUSD.r, US500.r, USDJPY.r, XAUUSD.r), 20000 bars/symbol, 2026-09-04; generic binder params (period=20) except metastore-tuned entries"
trend.continuous_trend.ctl_trend_features@ctl_flip_count,even,scale-carrying,,"FXPIG-Server M5, 6 symbols (BTCUSDT.r, EURUSD.r, GBPUSD.r, US500.r, USDJPY.r, XAUUSD.r), 20000 bars/symbol, 2026-09-04; generic binder params (period=20) except metastore-tuned entries"
trend.continuous_trend.ctl_trend_features@ctl_leg_return,odd,scale-free,,"FXPIG-Server M5, 6 symbols (BTCUSDT.r, EURUSD.r, GBPUSD.r, US500.r, USDJPY.r, XAUUSD.r), 20000 bars/symbol, 2026-09-04; generic binder params (period=20) except metastore-tuned entries"
trend.continuous_trend.ctl_trend_features@ctl_retrace_frac,even,scale-free,,"FXPIG-Server M5, 6 symbols (BTCUSDT.r, EURUSD.r, GBPUSD.r, US500.r, USDJPY.r, XAUUSD.r), 20000 bars/symbol, 2026-09-04; generic binder params (period=20) except metastore-tuned entries"
trend.continuous_trend.ctl_trend_features@ctl_trend_age,even,scale-free,,"FXPIG-Server M5, 6 symbols (BTCUSDT.r, EURUSD.r, GBPUSD.r, US500.r, USDJPY.r, XAUUSD.r), 20000 bars/symbol, 2026-09-04; generic binder params (period=20) except metastore-tuned entries"
trend.core_trend_features@bb_lower_24,one-sided,scale-carrying,trend.core_trend_features@bb_upper_24,"FXPIG-Server M5, 6 symbols (BTCUSDT.r, EURUSD.r, GBPUSD.r, US500.r, USDJPY.r, XAUUSD.r), 20000 bars/symbol, 2026-09-04; generic binder params (period=20) except metastore-tuned entries"
trend.core_trend_features@bb_middle_24,odd,scale-carrying,,"FXPIG-Server M5, 6 symbols (BTCUSDT.r, EURUSD.r, GBPUSD.r, US500.r, USDJPY.r, XAUUSD.r), 20000 bars/symbol, 2026-09-04; generic binder params (period=20) except metastore-tuned entries"
trend.core_trend_features@bb_percent_b_24,odd,scale-free,,"FXPIG-Server M5, 6 symbols (BTCUSDT.r, EURUSD.r, GBPUSD.r, US500.r, USDJPY.r, XAUUSD.r), 20000 bars/symbol, 2026-09-04; generic binder params (period=20) except metastore-tuned entries"
trend.core_trend_features@bb_upper_24,one-sided,scale-carrying,trend.core_trend_features@bb_lower_24,"FXPIG-Server M5, 6 symbols (BTCUSDT.r, EURUSD.r, GBPUSD.r, US500.r, USDJPY.r, XAUUSD.r), 20000 bars/symbol, 2026-09-04; generic binder params (period=20) except metastore-tuned entries"
trend.core_trend_features@bb_width_24,even,scale-carrying,,"FXPIG-Server M5, 6 symbols (BTCUSDT.r, EURUSD.r, GBPUSD.r, US500.r, USDJPY.r, XAUUSD.r), 20000 bars/symbol, 2026-09-04; generic binder params (period=20) except metastore-tuned entries"
trend.core_trend_features@ctl_leg_return_0_15,odd,scale-carrying,,"FXPIG-Server M5, 6 symbols (BTCUSDT.r, EURUSD.r, GBPUSD.r, US500.r, USDJPY.r, XAUUSD.r), 20000 bars/symbol, 2026-09-04; generic binder params (period=20) except metastore-tuned entries"
trend.core_trend_features@ctl_retrace_frac_0_15,even,scale-carrying,,"FXPIG-Server M5, 6 symbols (BTCUSDT.r, EURUSD.r, GBPUSD.r, US500.r, USDJPY.r, XAUUSD.r), 20000 bars/symbol, 2026-09-04; generic binder params (period=20) except metastore-tuned entries"
trend.core_trend_features@ctl_trend_age_0_15,even,scale-carrying,,"FXPIG-Server M5, 6 symbols (BTCUSDT.r, EURUSD.r, GBPUSD.r, US500.r, USDJPY.r, XAUUSD.r), 20000 bars/symbol, 2026-09-04; generic binder params (period=20) except metastore-tuned entries"
trend.core_trend_features@trend_persistence_20_5,odd,scale-free,,"FXPIG-Server M5, 6 symbols (BTCUSDT.r, EURUSD.r, GBPUSD.r, US500.r, USDJPY.r, XAUUSD.r), 20000 bars/symbol, 2026-09-04; generic binder params (period=20) except metastore-tuned entries"
trend.core_trend_features@zscore_30,odd,scale-free,,"FXPIG-Server M5, 6 symbols (BTCUSDT.r, EURUSD.r, GBPUSD.r, US500.r, USDJPY.r, XAUUSD.r), 20000 bars/symbol, 2026-09-04; generic binder params (period=20) except metastore-tuned entries"
trend.core_trend_features@zscore_abs_30,even,scale-free,,"FXPIG-Server M5, 6 symbols (BTCUSDT.r, EURUSD.r, GBPUSD.r, US500.r, USDJPY.r, XAUUSD.r), 20000 bars/symbol, 2026-09-04; generic binder params (period=20) except metastore-tuned entries"
trend.core_trend_features@zscore_deriv_30,odd,scale-free,,"FXPIG-Server M5, 6 symbols (BTCUSDT.r, EURUSD.r, GBPUSD.r, US500.r, USDJPY.r, XAUUSD.r), 20000 bars/symbol, 2026-09-04; generic binder params (period=20) except metastore-tuned entries"
trend.zscore_trend_features@zscore_30,odd,scale-free,,"FXPIG-Server M5, 6 symbols (BTCUSDT.r, EURUSD.r, GBPUSD.r, US500.r, USDJPY.r, XAUUSD.r), 20000 bars/symbol, 2026-09-04; generic binder params (period=20) except metastore-tuned entries"
trend.zscore_trend_features@zscore_abs_30,even,scale-free,,"FXPIG-Server M5, 6 symbols (BTCUSDT.r, EURUSD.r, GBPUSD.r, US500.r, USDJPY.r, XAUUSD.r), 20000 bars/symbol, 2026-09-04; generic binder params (period=20) except metastore-tuned entries"
trend.zscore_trend_features@zscore_deriv_30,odd,scale-free,,"FXPIG-Server M5, 6 symbols (BTCUSDT.r, EURUSD.r, GBPUSD.r, US500.r, USDJPY.r, XAUUSD.r), 20000 bars/symbol, 2026-09-04; generic binder params (period=20) except metastore-tuned entries"
volatility.core_volatility_features@atr,even,scale-carrying,,"FXPIG-Server M5, 6 symbols (BTCUSDT.r, EURUSD.r, GBPUSD.r, US500.r, USDJPY.r, XAUUSD.r), 20000 bars/symbol, 2026-09-04; generic binder params (period=20) except metastore-tuned entries"
volatility.core_volatility_features@atr_normalized,even,scale-carrying,,"FXPIG-Server M5, 6 symbols (BTCUSDT.r, EURUSD.r, GBPUSD.r, US500.r, USDJPY.r, XAUUSD.r), 20000 bars/symbol, 2026-09-04; generic binder params (period=20) except metastore-tuned entries"
volatility.core_volatility_features@atr_ratio,even,scale-free,,"FXPIG-Server M5, 6 symbols (BTCUSDT.r, EURUSD.r, GBPUSD.r, US500.r, USDJPY.r, XAUUSD.r), 20000 bars/symbol, 2026-09-04; generic binder params (period=20) except metastore-tuned entries"
volatility.core_volatility_features@atr_sma_ratio,even,scale-free,,"FXPIG-Server M5, 6 symbols (BTCUSDT.r, EURUSD.r, GBPUSD.r, US500.r, USDJPY.r, XAUUSD.r), 20000 bars/symbol, 2026-09-04; generic binder params (period=20) except metastore-tuned entries"
volatility.core_volatility_features@bpv_100,even,scale-carrying,,"FXPIG-Server M5, 6 symbols (BTCUSDT.r, EURUSD.r, GBPUSD.r, US500.r, USDJPY.r, XAUUSD.r), 20000 bars/symbol, 2026-09-04; generic binder params (period=20) except metastore-tuned entries"
volatility.core_volatility_features@bpv_200,even,scale-carrying,,"FXPIG-Server M5, 6 symbols (BTCUSDT.r, EURUSD.r, GBPUSD.r, US500.r, USDJPY.r, XAUUSD.r), 20000 bars/symbol, 2026-09-04; generic binder params (period=20) except metastore-tuned entries"
volatility.core_volatility_features@gap_risk_ratio,even,scale-free,,"FXPIG-Server M5, 6 symbols (BTCUSDT.r, EURUSD.r, GBPUSD.r, US500.r, USDJPY.r, XAUUSD.r), 20000 bars/symbol, 2026-09-04; generic binder params (period=20) except metastore-tuned entries"
volatility.core_volatility_features@garman_klass_vol,even,scale-carrying,,"FXPIG-Server M5, 6 symbols (BTCUSDT.r, EURUSD.r, GBPUSD.r, US500.r, USDJPY.r, XAUUSD.r), 20000 bars/symbol, 2026-09-04; generic binder params (period=20) except metastore-tuned entries"
volatility.core_volatility_features@jump,even,unscored,,"FXPIG-Server M5, 6 symbols (BTCUSDT.r, EURUSD.r, GBPUSD.r, US500.r, USDJPY.r, XAUUSD.r), 20000 bars/symbol, 2026-09-04; generic binder params (period=20) except metastore-tuned entries"
volatility.core_volatility_features@jv_100,even,scale-carrying,,"FXPIG-Server M5, 6 symbols (BTCUSDT.r, EURUSD.r, GBPUSD.r, US500.r, USDJPY.r, XAUUSD.r), 20000 bars/symbol, 2026-09-04; generic binder params (period=20) except metastore-tuned entries"
volatility.core_volatility_features@jv_200,even,scale-carrying,,"FXPIG-Server M5, 6 symbols (BTCUSDT.r, EURUSD.r, GBPUSD.r, US500.r, USDJPY.r, XAUUSD.r), 20000 bars/symbol, 2026-09-04; generic binder params (period=20) except metastore-tuned entries"
volatility.core_volatility_features@overnight_ratio,even,scale-free,,"FXPIG-Server M5, 6 symbols (BTCUSDT.r, EURUSD.r, GBPUSD.r, US500.r, USDJPY.r, XAUUSD.r), 20000 bars/symbol, 2026-09-04; generic binder params (period=20) except metastore-tuned entries"
volatility.core_volatility_features@parkinson_vol,even,scale-carrying,,"FXPIG-Server M5, 6 symbols (BTCUSDT.r, EURUSD.r, GBPUSD.r, US500.r, USDJPY.r, XAUUSD.r), 20000 bars/symbol, 2026-09-04; generic binder params (period=20) except metastore-tuned entries"
volatility.core_volatility_features@rogers_satchell_vol,even,scale-carrying,,"FXPIG-Server M5, 6 symbols (BTCUSDT.r, EURUSD.r, GBPUSD.r, US500.r, USDJPY.r, XAUUSD.r), 20000 bars/symbol, 2026-09-04; generic binder params (period=20) except metastore-tuned entries"
volatility.core_volatility_features@rolling_vol,even,scale-carrying,,"FXPIG-Server M5, 6 symbols (BTCUSDT.r, EURUSD.r, GBPUSD.r, US500.r, USDJPY.r, XAUUSD.r), 20000 bars/symbol, 2026-09-04; generic binder params (period=20) except metastore-tuned entries"
volatility.core_volatility_features@rv_100,even,scale-carrying,,"FXPIG-Server M5, 6 symbols (BTCUSDT.r, EURUSD.r, GBPUSD.r, US500.r, USDJPY.r, XAUUSD.r), 20000 bars/symbol, 2026-09-04; generic binder params (period=20) except metastore-tuned entries"
volatility.core_volatility_features@rv_200,even,scale-carrying,,"FXPIG-Server M5, 6 symbols (BTCUSDT.r, EURUSD.r, GBPUSD.r, US500.r, USDJPY.r, XAUUSD.r), 20000 bars/symbol, 2026-09-04; generic binder params (period=20) except metastore-tuned entries"
volatility.core_volatility_features@trend_quality_ratio,even,scale-free,,"FXPIG-Server M5, 6 symbols (BTCUSDT.r, EURUSD.r, GBPUSD.r, US500.r, USDJPY.r, XAUUSD.r), 20000 bars/symbol, 2026-09-04; generic binder params (period=20) except metastore-tuned entries"
volatility.core_volatility_features@ttr_ema_ratio,even,scale-free,,"FXPIG-Server M5, 6 symbols (BTCUSDT.r, EURUSD.r, GBPUSD.r, US500.r, USDJPY.r, XAUUSD.r), 20000 bars/symbol, 2026-09-04; generic binder params (period=20) except metastore-tuned entries"
volatility.core_volatility_features@vol_ratio,even,scale-free,,"FXPIG-Server M5, 6 symbols (BTCUSDT.r, EURUSD.r, GBPUSD.r, US500.r, USDJPY.r, XAUUSD.r), 20000 bars/symbol, 2026-09-04; generic binder params (period=20) except metastore-tuned entries"
volatility.core_volatility_features@vol_signature,even,scale-free,,"FXPIG-Server M5, 6 symbols (BTCUSDT.r, EURUSD.r, GBPUSD.r, US500.r, USDJPY.r, XAUUSD.r), 20000 bars/symbol, 2026-09-04; generic binder params (period=20) except metastore-tuned entries"
volatility.core_volatility_features@vol_term_structure,even,scale-free,,"FXPIG-Server M5, 6 symbols (BTCUSDT.r, EURUSD.r, GBPUSD.r, US500.r, USDJPY.r, XAUUSD.r), 20000 bars/symbol, 2026-09-04; generic binder params (period=20) except metastore-tuned entries"
volatility.core_volatility_features@vol_term_structure_long,even,scale-free,,"FXPIG-Server M5, 6 symbols (BTCUSDT.r, EURUSD.r, GBPUSD.r, US500.r, USDJPY.r, XAUUSD.r), 20000 bars/symbol, 2026-09-04; generic binder params (period=20) except metastore-tuned entries"
volatility.core_volatility_features@volume_weighted_vol,even,scale-carrying,,"FXPIG-Server M5, 6 symbols (BTCUSDT.r, EURUSD.r, GBPUSD.r, US500.r, USDJPY.r, XAUUSD.r), 20000 bars/symbol, 2026-09-04; generic binder params (period=20) except metastore-tuned entries"
volatility.core_volatility_features@vov,even,scale-carrying,,"FXPIG-Server M5, 6 symbols (BTCUSDT.r, EURUSD.r, GBPUSD.r, US500.r, USDJPY.r, XAUUSD.r), 20000 bars/symbol, 2026-09-04; generic binder params (period=20) except metastore-tuned entries"
volatility.core_volatility_features@vov_normalized,even,scale-free,,"FXPIG-Server M5, 6 symbols (BTCUSDT.r, EURUSD.r, GBPUSD.r, US500.r, USDJPY.r, XAUUSD.r), 20000 bars/symbol, 2026-09-04; generic binder params (period=20) except metastore-tuned entries"
volatility.core_volatility_features@yang_zhang_vol,even,scale-carrying,,"FXPIG-Server M5, 6 symbols (BTCUSDT.r, EURUSD.r, GBPUSD.r, US500.r, USDJPY.r, XAUUSD.r), 20000 bars/symbol, 2026-09-04; generic binder params (period=20) except metastore-tuned entries"
volume.core_volume_features@abnormal_volume,even,scale-free,,"FXPIG-Server M5, 6 symbols (BTCUSDT.r, EURUSD.r, GBPUSD.r, US500.r, USDJPY.r, XAUUSD.r), 20000 bars/symbol, 2026-09-04; generic binder params (period=20) except metastore-tuned entries"
volume.core_volume_features@ad_m_pct_rank,odd,scale-free,,"FXPIG-Server M5, 6 symbols (BTCUSDT.r, EURUSD.r, GBPUSD.r, US500.r, USDJPY.r, XAUUSD.r), 20000 bars/symbol, 2026-09-04; generic binder params (period=20) except metastore-tuned entries"
volume.core_volume_features@ad_m_zscore,odd,scale-free,,"FXPIG-Server M5, 6 symbols (BTCUSDT.r, EURUSD.r, GBPUSD.r, US500.r, USDJPY.r, XAUUSD.r), 20000 bars/symbol, 2026-09-04; generic binder params (period=20) except metastore-tuned entries"
volume.core_volume_features@ad_w_pct_rank,odd,scale-free,,"FXPIG-Server M5, 6 symbols (BTCUSDT.r, EURUSD.r, GBPUSD.r, US500.r, USDJPY.r, XAUUSD.r), 20000 bars/symbol, 2026-09-04; generic binder params (period=20) except metastore-tuned entries"
volume.core_volume_features@ad_w_zscore,odd,scale-free,,"FXPIG-Server M5, 6 symbols (BTCUSDT.r, EURUSD.r, GBPUSD.r, US500.r, USDJPY.r, XAUUSD.r), 20000 bars/symbol, 2026-09-04; generic binder params (period=20) except metastore-tuned entries"
volume.core_volume_features@binned_mfi_delta,odd,scale-free,,"FXPIG-Server M5, 6 symbols (BTCUSDT.r, EURUSD.r, GBPUSD.r, US500.r, USDJPY.r, XAUUSD.r), 20000 bars/symbol, 2026-09-04; generic binder params (period=20) except metastore-tuned entries"
volume.core_volume_features@categorized_mfi_trend,odd,scale-free,,"FXPIG-Server M5, 6 symbols (BTCUSDT.r, EURUSD.r, GBPUSD.r, US500.r, USDJPY.r, XAUUSD.r), 20000 bars/symbol, 2026-09-04; generic binder params (period=20) except metastore-tuned entries"
volume.core_volume_features@mfi,odd,scale-free,,"FXPIG-Server M5, 6 symbols (BTCUSDT.r, EURUSD.r, GBPUSD.r, US500.r, USDJPY.r, XAUUSD.r), 20000 bars/symbol, 2026-09-04; generic binder params (period=20) except metastore-tuned entries"
volume.core_volume_features@mfi_volume_bin_ratio,odd,scale-free,,"FXPIG-Server M5, 6 symbols (BTCUSDT.r, EURUSD.r, GBPUSD.r, US500.r, USDJPY.r, XAUUSD.r), 20000 bars/symbol, 2026-09-04; generic binder params (period=20) except metastore-tuned entries"
volume.core_volume_features@volume_bin_mfi_persistence,even,scale-free,,"FXPIG-Server M5, 6 symbols (BTCUSDT.r, EURUSD.r, GBPUSD.r, US500.r, USDJPY.r, XAUUSD.r), 20000 bars/symbol, 2026-09-04; generic binder params (period=20) except metastore-tuned entries"
volume.core_volume_features@volume_bins,even,scale-free,,"FXPIG-Server M5, 6 symbols (BTCUSDT.r, EURUSD.r, GBPUSD.r, US500.r, USDJPY.r, XAUUSD.r), 20000 bars/symbol, 2026-09-04; generic binder params (period=20) except metastore-tuned entries"
volume.core_volume_features@volume_momentum,even,scale-free,,"FXPIG-Server M5, 6 symbols (BTCUSDT.r, EURUSD.r, GBPUSD.r, US500.r, USDJPY.r, XAUUSD.r), 20000 bars/symbol, 2026-09-04; generic binder params (period=20) except metastore-tuned entries"
volume.core_volume_features@volume_profile,even,scale-free,,"FXPIG-Server M5, 6 symbols (BTCUSDT.r, EURUSD.r, GBPUSD.r, US500.r, USDJPY.r, XAUUSD.r), 20000 bars/symbol, 2026-09-04; generic binder params (period=20) except metastore-tuned entries"
volume.core_volume_features@volume_return_divergence,odd,scale-free,,"FXPIG-Server M5, 6 symbols (BTCUSDT.r, EURUSD.r, GBPUSD.r, US500.r, USDJPY.r, XAUUSD.r), 20000 bars/symbol, 2026-09-04; generic binder params (period=20) except metastore-tuned entries"
volume.core_volume_features@volume_surge_roc,odd,unscored,,"FXPIG-Server M5, 6 symbols (BTCUSDT.r, EURUSD.r, GBPUSD.r, US500.r, USDJPY.r, XAUUSD.r), 20000 bars/symbol, 2026-09-04; generic binder params (period=20) except metastore-tuned entries"
volume.core_volume_features@volume_volatility_corr,even,scale-free,,"FXPIG-Server M5, 6 symbols (BTCUSDT.r, EURUSD.r, GBPUSD.r, US500.r, USDJPY.r, XAUUSD.r), 20000 bars/symbol, 2026-09-04; generic binder params (period=20) except metastore-tuned entries"
volume.core_volume_features@volume_weighted_roc,even,scale-free,,"FXPIG-Server M5, 6 symbols (BTCUSDT.r, EURUSD.r, GBPUSD.r, US500.r, USDJPY.r, XAUUSD.r), 20000 bars/symbol, 2026-09-04; generic binder params (period=20) except metastore-tuned entries"
volume.core_volume_features@vwap_adjusted_roc,odd,scale-carrying,,"FXPIG-Server M5, 6 symbols (BTCUSDT.r, EURUSD.r, GBPUSD.r, US500.r, USDJPY.r, XAUUSD.r), 20000 bars/symbol, 2026-09-04; generic binder params (period=20) except metastore-tuned entries"
volume.core_volume_features@vwap_dev_momentum,odd,scale-carrying,,"FXPIG-Server M5, 6 symbols (BTCUSDT.r, EURUSD.r, GBPUSD.r, US500.r, USDJPY.r, XAUUSD.r), 20000 bars/symbol, 2026-09-04; generic binder params (period=20) except metastore-tuned entries"
volume.market_facilitation_index@0,even,scale-carrying,,"FXPIG-Server M5, 6 symbols (BTCUSDT.r, EURUSD.r, GBPUSD.r, US500.r, USDJPY.r, XAUUSD.r), 20000 bars/symbol, 2026-09-04; generic binder params (period=20) except metastore-tuned entries"
volume.market_facilitation_index@1,even,scale-free,,"FXPIG-Server M5, 6 symbols (BTCUSDT.r, EURUSD.r, GBPUSD.r, US500.r, USDJPY.r, XAUUSD.r), 20000 bars/symbol, 2026-09-04; generic binder params (period=20) except metastore-tuned entries"
volume.mfi_features@bsdi,odd,scale-carrying,,"FXPIG-Server M5, 6 symbols (BTCUSDT.r, EURUSD.r, GBPUSD.r, US500.r, USDJPY.r, XAUUSD.r), 20000 bars/symbol, 2026-09-04; generic binder params (period=20) except metastore-tuned entries"
volume.mfi_features@cum_bsdi,odd,scale-carrying,,"FXPIG-Server M5, 6 symbols (BTCUSDT.r, EURUSD.r, GBPUSD.r, US500.r, USDJPY.r, XAUUSD.r), 20000 bars/symbol, 2026-09-04; generic binder params (period=20) except metastore-tuned entries"
volume.mfi_features@cum_bsdi_mean,odd,scale-carrying,,"FXPIG-Server M5, 6 symbols (BTCUSDT.r, EURUSD.r, GBPUSD.r, US500.r, USDJPY.r, XAUUSD.r), 20000 bars/symbol, 2026-09-04; generic binder params (period=20) except metastore-tuned entries"
volume.mfi_features@cum_bsdi_z,odd,scale-free,,"FXPIG-Server M5, 6 symbols (BTCUSDT.r, EURUSD.r, GBPUSD.r, US500.r, USDJPY.r, XAUUSD.r), 20000 bars/symbol, 2026-09-04; generic binder params (period=20) except metastore-tuned entries"
volume.mfi_features@cum_dfp,odd,scale-carrying,,"FXPIG-Server M5, 6 symbols (BTCUSDT.r, EURUSD.r, GBPUSD.r, US500.r, USDJPY.r, XAUUSD.r), 20000 bars/symbol, 2026-09-04; generic binder params (period=20) except metastore-tuned entries"
volume.mfi_features@cum_dfp_mean,odd,scale-carrying,,"FXPIG-Server M5, 6 symbols (BTCUSDT.r, EURUSD.r, GBPUSD.r, US500.r, USDJPY.r, XAUUSD.r), 20000 bars/symbol, 2026-09-04; generic binder params (period=20) except metastore-tuned entries"
volume.mfi_features@cum_dfp_z,odd,scale-free,,"FXPIG-Server M5, 6 symbols (BTCUSDT.r, EURUSD.r, GBPUSD.r, US500.r, USDJPY.r, XAUUSD.r), 20000 bars/symbol, 2026-09-04; generic binder params (period=20) except metastore-tuned entries"
volume.mfi_features@cum_dmfi,odd,scale-carrying,,"FXPIG-Server M5, 6 symbols (BTCUSDT.r, EURUSD.r, GBPUSD.r, US500.r, USDJPY.r, XAUUSD.r), 20000 bars/symbol, 2026-09-04; generic binder params (period=20) except metastore-tuned entries"
volume.mfi_features@cum_dmfi_mean,odd,scale-carrying,,"FXPIG-Server M5, 6 symbols (BTCUSDT.r, EURUSD.r, GBPUSD.r, US500.r, USDJPY.r, XAUUSD.r), 20000 bars/symbol, 2026-09-04; generic binder params (period=20) except metastore-tuned entries"
volume.mfi_features@cum_dmfi_z,odd,scale-free,,"FXPIG-Server M5, 6 symbols (BTCUSDT.r, EURUSD.r, GBPUSD.r, US500.r, USDJPY.r, XAUUSD.r), 20000 bars/symbol, 2026-09-04; generic binder params (period=20) except metastore-tuned entries"
volume.mfi_features@delta_mid,odd,scale-carrying,,"FXPIG-Server M5, 6 symbols (BTCUSDT.r, EURUSD.r, GBPUSD.r, US500.r, USDJPY.r, XAUUSD.r), 20000 bars/symbol, 2026-09-04; generic binder params (period=20) except metastore-tuned entries"
volume.mfi_features@dfp,odd,scale-carrying,,"FXPIG-Server M5, 6 symbols (BTCUSDT.r, EURUSD.r, GBPUSD.r, US500.r, USDJPY.r, XAUUSD.r), 20000 bars/symbol, 2026-09-04; generic binder params (period=20) except metastore-tuned entries"
volume.mfi_features@dfp_norm,odd,scale-free,,"FXPIG-Server M5, 6 symbols (BTCUSDT.r, EURUSD.r, GBPUSD.r, US500.r, USDJPY.r, XAUUSD.r), 20000 bars/symbol, 2026-09-04; generic binder params (period=20) except metastore-tuned entries"
volume.mfi_features@dir_eff_ratio,even,scale-free,,"FXPIG-Server M5, 6 symbols (BTCUSDT.r, EURUSD.r, GBPUSD.r, US500.r, USDJPY.r, XAUUSD.r), 20000 bars/symbol, 2026-09-04; generic binder params (period=20) except metastore-tuned entries"
volume.mfi_features@dmfi,odd,scale-carrying,,"FXPIG-Server M5, 6 symbols (BTCUSDT.r, EURUSD.r, GBPUSD.r, US500.r, USDJPY.r, XAUUSD.r), 20000 bars/symbol, 2026-09-04; generic binder params (period=20) except metastore-tuned entries"
volume.mfi_features@dominance_ratio,odd,scale-free,,"FXPIG-Server M5, 6 symbols (BTCUSDT.r, EURUSD.r, GBPUSD.r, US500.r, USDJPY.r, XAUUSD.r), 20000 bars/symbol, 2026-09-04; generic binder params (period=20) except metastore-tuned entries"
volume.mfi_features@eom,odd,scale-carrying,,"FXPIG-Server M5, 6 symbols (BTCUSDT.r, EURUSD.r, GBPUSD.r, US500.r, USDJPY.r, XAUUSD.r), 20000 bars/symbol, 2026-09-04; generic binder params (period=20) except metastore-tuned entries"
volume.mfi_features@flow_momentum_bsdi,odd,scale-carrying,,"FXPIG-Server M5, 6 symbols (BTCUSDT.r, EURUSD.r, GBPUSD.r, US500.r, USDJPY.r, XAUUSD.r), 20000 bars/symbol, 2026-09-04; generic binder params (period=20) except metastore-tuned entries"
volume.mfi_features@flow_momentum_dfp,odd,scale-carrying,,"FXPIG-Server M5, 6 symbols (BTCUSDT.r, EURUSD.r, GBPUSD.r, US500.r, USDJPY.r, XAUUSD.r), 20000 bars/symbol, 2026-09-04; generic binder params (period=20) except metastore-tuned entries"
volume.mfi_features@mfi_delta,even,scale-free,,"FXPIG-Server M5, 6 symbols (BTCUSDT.r, EURUSD.r, GBPUSD.r, US500.r, USDJPY.r, XAUUSD.r), 20000 bars/symbol, 2026-09-04; generic binder params (period=20) except metastore-tuned entries"
volume.mfi_features@mfi_log,even,scale-free,,"FXPIG-Server M5, 6 symbols (BTCUSDT.r, EURUSD.r, GBPUSD.r, US500.r, USDJPY.r, XAUUSD.r), 20000 bars/symbol, 2026-09-04; generic binder params (period=20) except metastore-tuned entries"
volume.mfi_features@mfi_logchg,even,scale-free,,"FXPIG-Server M5, 6 symbols (BTCUSDT.r, EURUSD.r, GBPUSD.r, US500.r, USDJPY.r, XAUUSD.r), 20000 bars/symbol, 2026-09-04; generic binder params (period=20) except metastore-tuned entries"
volume.mfi_features@mfi_norm,even,scale-free,,"FXPIG-Server M5, 6 symbols (BTCUSDT.r, EURUSD.r, GBPUSD.r, US500.r, USDJPY.r, XAUUSD.r), 20000 bars/symbol, 2026-09-04; generic binder params (period=20) except metastore-tuned entries"
volume.mfi_features@mfi_rangeadj,even,scale-carrying,,"FXPIG-Server M5, 6 symbols (BTCUSDT.r, EURUSD.r, GBPUSD.r, US500.r, USDJPY.r, XAUUSD.r), 20000 bars/symbol, 2026-09-04; generic binder params (period=20) except metastore-tuned entries"
volume.mfi_features@mfi_raw,even,scale-carrying,,"FXPIG-Server M5, 6 symbols (BTCUSDT.r, EURUSD.r, GBPUSD.r, US500.r, USDJPY.r, XAUUSD.r), 20000 bars/symbol, 2026-09-04; generic binder params (period=20) except metastore-tuned entries"
volume.mfi_features@mfi_volumeadj,even,scale-carrying,,"FXPIG-Server M5, 6 symbols (BTCUSDT.r, EURUSD.r, GBPUSD.r, US500.r, USDJPY.r, XAUUSD.r), 20000 bars/symbol, 2026-09-04; generic binder params (period=20) except metastore-tuned entries"
volume.mfi_features@mfi_z,even,scale-free,,"FXPIG-Server M5, 6 symbols (BTCUSDT.r, EURUSD.r, GBPUSD.r, US500.r, USDJPY.r, XAUUSD.r), 20000 bars/symbol, 2026-09-04; generic binder params (period=20) except metastore-tuned entries"
volume.mfi_features@mid,odd,scale-carrying,,"FXPIG-Server M5, 6 symbols (BTCUSDT.r, EURUSD.r, GBPUSD.r, US500.r, USDJPY.r, XAUUSD.r), 20000 bars/symbol, 2026-09-04; generic binder params (period=20) except metastore-tuned entries"
volume.mfi_features@norm_cum_bsdi,odd,scale-free,,"FXPIG-Server M5, 6 symbols (BTCUSDT.r, EURUSD.r, GBPUSD.r, US500.r, USDJPY.r, XAUUSD.r), 20000 bars/symbol, 2026-09-04; generic binder params (period=20) except metastore-tuned entries"
volume.mfi_features@norm_cum_dfp,odd,scale-free,,"FXPIG-Server M5, 6 symbols (BTCUSDT.r, EURUSD.r, GBPUSD.r, US500.r, USDJPY.r, XAUUSD.r), 20000 bars/symbol, 2026-09-04; generic binder params (period=20) except metastore-tuned entries"
volume.mfi_features@volume_ratio,even,scale-free,,"FXPIG-Server M5, 6 symbols (BTCUSDT.r, EURUSD.r, GBPUSD.r, US500.r, USDJPY.r, XAUUSD.r), 20000 bars/symbol, 2026-09-04; generic binder params (period=20) except metastore-tuned entries"
volume.mfi_volume_features@bsdi,odd,scale-carrying,,"FXPIG-Server M5, 6 symbols (BTCUSDT.r, EURUSD.r, GBPUSD.r, US500.r, USDJPY.r, XAUUSD.r), 20000 bars/symbol, 2026-09-04; generic binder params (period=20) except metastore-tuned entries"
volume.mfi_volume_features@close,odd,scale-carrying,,"FXPIG-Server M5, 6 symbols (BTCUSDT.r, EURUSD.r, GBPUSD.r, US500.r, USDJPY.r, XAUUSD.r), 20000 bars/symbol, 2026-09-04; generic binder params (period=20) except metastore-tuned entries"
volume.mfi_volume_features@cum_bsdi,odd,scale-carrying,,"FXPIG-Server M5, 6 symbols (BTCUSDT.r, EURUSD.r, GBPUSD.r, US500.r, USDJPY.r, XAUUSD.r), 20000 bars/symbol, 2026-09-04; generic binder params (period=20) except metastore-tuned entries"
volume.mfi_volume_features@cum_bsdi_mean,odd,scale-carrying,,"FXPIG-Server M5, 6 symbols (BTCUSDT.r, EURUSD.r, GBPUSD.r, US500.r, USDJPY.r, XAUUSD.r), 20000 bars/symbol, 2026-09-04; generic binder params (period=20) except metastore-tuned entries"
volume.mfi_volume_features@cum_bsdi_z,odd,scale-free,,"FXPIG-Server M5, 6 symbols (BTCUSDT.r, EURUSD.r, GBPUSD.r, US500.r, USDJPY.r, XAUUSD.r), 20000 bars/symbol, 2026-09-04; generic binder params (period=20) except metastore-tuned entries"
volume.mfi_volume_features@cum_dfp,odd,scale-carrying,,"FXPIG-Server M5, 6 symbols (BTCUSDT.r, EURUSD.r, GBPUSD.r, US500.r, USDJPY.r, XAUUSD.r), 20000 bars/symbol, 2026-09-04; generic binder params (period=20) except metastore-tuned entries"
volume.mfi_volume_features@cum_dfp_mean,odd,scale-carrying,,"FXPIG-Server M5, 6 symbols (BTCUSDT.r, EURUSD.r, GBPUSD.r, US500.r, USDJPY.r, XAUUSD.r), 20000 bars/symbol, 2026-09-04; generic binder params (period=20) except metastore-tuned entries"
volume.mfi_volume_features@cum_dfp_z,odd,scale-free,,"FXPIG-Server M5, 6 symbols (BTCUSDT.r, EURUSD.r, GBPUSD.r, US500.r, USDJPY.r, XAUUSD.r), 20000 bars/symbol, 2026-09-04; generic binder params (period=20) except metastore-tuned entries"
volume.mfi_volume_features@cum_dmfi,odd,scale-carrying,,"FXPIG-Server M5, 6 symbols (BTCUSDT.r, EURUSD.r, GBPUSD.r, US500.r, USDJPY.r, XAUUSD.r), 20000 bars/symbol, 2026-09-04; generic binder params (period=20) except metastore-tuned entries"
volume.mfi_volume_features@cum_dmfi_mean,odd,scale-carrying,,"FXPIG-Server M5, 6 symbols (BTCUSDT.r, EURUSD.r, GBPUSD.r, US500.r, USDJPY.r, XAUUSD.r), 20000 bars/symbol, 2026-09-04; generic binder params (period=20) except metastore-tuned entries"
volume.mfi_volume_features@cum_dmfi_z,odd,scale-free,,"FXPIG-Server M5, 6 symbols (BTCUSDT.r, EURUSD.r, GBPUSD.r, US500.r, USDJPY.r, XAUUSD.r), 20000 bars/symbol, 2026-09-04; generic binder params (period=20) except metastore-tuned entries"
volume.mfi_volume_features@delta_mid,odd,scale-carrying,,"FXPIG-Server M5, 6 symbols (BTCUSDT.r, EURUSD.r, GBPUSD.r, US500.r, USDJPY.r, XAUUSD.r), 20000 bars/symbol, 2026-09-04; generic binder params (period=20) except metastore-tuned entries"
volume.mfi_volume_features@dfp,odd,scale-carrying,,"FXPIG-Server M5, 6 symbols (BTCUSDT.r, EURUSD.r, GBPUSD.r, US500.r, USDJPY.r, XAUUSD.r), 20000 bars/symbol, 2026-09-04; generic binder params (period=20) except metastore-tuned entries"
volume.mfi_volume_features@dfp_norm,odd,scale-free,,"FXPIG-Server M5, 6 symbols (BTCUSDT.r, EURUSD.r, GBPUSD.r, US500.r, USDJPY.r, XAUUSD.r), 20000 bars/symbol, 2026-09-04; generic binder params (period=20) except metastore-tuned entries"
volume.mfi_volume_features@dir_eff_ratio,even,scale-free,,"FXPIG-Server M5, 6 symbols (BTCUSDT.r, EURUSD.r, GBPUSD.r, US500.r, USDJPY.r, XAUUSD.r), 20000 bars/symbol, 2026-09-04; generic binder params (period=20) except metastore-tuned entries"
volume.mfi_volume_features@dmfi,odd,scale-carrying,,"FXPIG-Server M5, 6 symbols (BTCUSDT.r, EURUSD.r, GBPUSD.r, US500.r, USDJPY.r, XAUUSD.r), 20000 bars/symbol, 2026-09-04; generic binder params (period=20) except metastore-tuned entries"
volume.mfi_volume_features@dominance_ratio,odd,scale-free,,"FXPIG-Server M5, 6 symbols (BTCUSDT.r, EURUSD.r, GBPUSD.r, US500.r, USDJPY.r, XAUUSD.r), 20000 bars/symbol, 2026-09-04; generic binder params (period=20) except metastore-tuned entries"
volume.mfi_volume_features@eom,odd,scale-carrying,,"FXPIG-Server M5, 6 symbols (BTCUSDT.r, EURUSD.r, GBPUSD.r, US500.r, USDJPY.r, XAUUSD.r), 20000 bars/symbol, 2026-09-04; generic binder params (period=20) except metastore-tuned entries"
volume.mfi_volume_features@flow_momentum_bsdi,odd,scale-carrying,,"FXPIG-Server M5, 6 symbols (BTCUSDT.r, EURUSD.r, GBPUSD.r, US500.r, USDJPY.r, XAUUSD.r), 20000 bars/symbol, 2026-09-04; generic binder params (period=20) except metastore-tuned entries"
volume.mfi_volume_features@flow_momentum_dfp,odd,scale-carrying,,"FXPIG-Server M5, 6 symbols (BTCUSDT.r, EURUSD.r, GBPUSD.r, US500.r, USDJPY.r, XAUUSD.r), 20000 bars/symbol, 2026-09-04; generic binder params (period=20) except metastore-tuned entries"
volume.mfi_volume_features@mfi_classic,even,scale-carrying,,"FXPIG-Server M5, 6 symbols (BTCUSDT.r, EURUSD.r, GBPUSD.r, US500.r, USDJPY.r, XAUUSD.r), 20000 bars/symbol, 2026-09-04; generic binder params (period=20) except metastore-tuned entries"
volume.mfi_volume_features@mfi_classic_log,even,scale-free,,"FXPIG-Server M5, 6 symbols (BTCUSDT.r, EURUSD.r, GBPUSD.r, US500.r, USDJPY.r, XAUUSD.r), 20000 bars/symbol, 2026-09-04; generic binder params (period=20) except metastore-tuned entries"
volume.mfi_volume_features@mfi_delta,even,scale-free,,"FXPIG-Server M5, 6 symbols (BTCUSDT.r, EURUSD.r, GBPUSD.r, US500.r, USDJPY.r, XAUUSD.r), 20000 bars/symbol, 2026-09-04; generic binder params (period=20) except metastore-tuned entries"
volume.mfi_volume_features@mfi_log,even,scale-free,,"FXPIG-Server M5, 6 symbols (BTCUSDT.r, EURUSD.r, GBPUSD.r, US500.r, USDJPY.r, XAUUSD.r), 20000 bars/symbol, 2026-09-04; generic binder params (period=20) except metastore-tuned entries"
volume.mfi_volume_features@mfi_logchg,even,scale-free,,"FXPIG-Server M5, 6 symbols (BTCUSDT.r, EURUSD.r, GBPUSD.r, US500.r, USDJPY.r, XAUUSD.r), 20000 bars/symbol, 2026-09-04; generic binder params (period=20) except metastore-tuned entries"
volume.mfi_volume_features@mfi_norm,even,scale-free,,"FXPIG-Server M5, 6 symbols (BTCUSDT.r, EURUSD.r, GBPUSD.r, US500.r, USDJPY.r, XAUUSD.r), 20000 bars/symbol, 2026-09-04; generic binder params (period=20) except metastore-tuned entries"
volume.mfi_volume_features@mfi_rangeadj,even,scale-carrying,,"FXPIG-Server M5, 6 symbols (BTCUSDT.r, EURUSD.r, GBPUSD.r, US500.r, USDJPY.r, XAUUSD.r), 20000 bars/symbol, 2026-09-04; generic binder params (period=20) except metastore-tuned entries"
volume.mfi_volume_features@mfi_raw,even,scale-carrying,,"FXPIG-Server M5, 6 symbols (BTCUSDT.r, EURUSD.r, GBPUSD.r, US500.r, USDJPY.r, XAUUSD.r), 20000 bars/symbol, 2026-09-04; generic binder params (period=20) except metastore-tuned entries"
volume.mfi_volume_features@mfi_volumeadj,even,scale-carrying,,"FXPIG-Server M5, 6 symbols (BTCUSDT.r, EURUSD.r, GBPUSD.r, US500.r, USDJPY.r, XAUUSD.r), 20000 bars/symbol, 2026-09-04; generic binder params (period=20) except metastore-tuned entries"
volume.mfi_volume_features@mfi_z,even,scale-free,,"FXPIG-Server M5, 6 symbols (BTCUSDT.r, EURUSD.r, GBPUSD.r, US500.r, USDJPY.r, XAUUSD.r), 20000 bars/symbol, 2026-09-04; generic binder params (period=20) except metastore-tuned entries"
volume.mfi_volume_features@mid,odd,scale-carrying,,"FXPIG-Server M5, 6 symbols (BTCUSDT.r, EURUSD.r, GBPUSD.r, US500.r, USDJPY.r, XAUUSD.r), 20000 bars/symbol, 2026-09-04; generic binder params (period=20) except metastore-tuned entries"
volume.mfi_volume_features@norm_cum_bsdi,odd,scale-free,,"FXPIG-Server M5, 6 symbols (BTCUSDT.r, EURUSD.r, GBPUSD.r, US500.r, USDJPY.r, XAUUSD.r), 20000 bars/symbol, 2026-09-04; generic binder params (period=20) except metastore-tuned entries"
volume.mfi_volume_features@norm_cum_dfp,odd,scale-free,,"FXPIG-Server M5, 6 symbols (BTCUSDT.r, EURUSD.r, GBPUSD.r, US500.r, USDJPY.r, XAUUSD.r), 20000 bars/symbol, 2026-09-04; generic binder params (period=20) except metastore-tuned entries"
volume.mfi_volume_features@volume_ratio,even,scale-free,,"FXPIG-Server M5, 6 symbols (BTCUSDT.r, EURUSD.r, GBPUSD.r, US500.r, USDJPY.r, XAUUSD.r), 20000 bars/symbol, 2026-09-04; generic binder params (period=20) except metastore-tuned entries"
